course_id,lat,lng
012141520849386649829,29.98907375006845,-124.27975429982212
012141520849523829630,37.81425172798176,-97.78078651507832
012141520850075772750,39.21272073882122,-107.50690308990845
0121719850992417531,38.89153116576162,-90.25611538053238
0121229392259365,26.68238566723697,-107.74075888314182
012141520850915208629,46.322343908451074,-107.58506782512899
01214152085152674427,31.033135144208718,-81.84616734257399
0121332247557796,27.632633328760775,-122.20456552749744
0121212411934261,46.604389457169994,-72.57301385932932
012141520851645389399,48.27617542033999,-75.51293166001005
011141520851737654630,45.93919600660995,-86.22363391244491
012141520851737654630,44.62453615102899,-90.55433444643958
013141520851737654630,40.769527374306904,-73.18807175544688
021141520851737654630,38.1611595196497,-114.238723433688
022141520851737654630,26.56993750600431,-120.4146216406498
023141520851737654630,34.60275731087127,-111.0927389948296
031141520851737654630,33.70906729752955,-78.8624705786136
032141520851737654630,30.88704853629222,-122.98685605431206
033141520851737654630,42.47316597185605,-91.15907051393808
012141520851928791231,36.78727566193508,-67.19949258421963
012141520852218904446,26.421494895411104,-75.31363836200292
012141520852376208199,29.898256859481982,-94.72203184403769
011141520852671205713,41.469612149264165,-121.30466323668011
012141520852671205713,26.298669723486597,-76.72593939658256
013141520852671205713,45.66630892859634,-90.22005536193174
021141520852671205713,36.76905417435154,-118.32636610454752
022141520852671205713,36.40522942356715,-119.55013639809934
023141520852671205713,39.19942334346126,-72.1821275898819
031141520852671205713,45.00347721058593,-86.1425989763874
032141520852671205713,33.08738187752039,-76.84710540434888
033141520852671205713,41.33860952095351,-73.96171219418302
012141520852845635417,38.53284660292503,-91.79979251620279
011141520853453580670,31.068823766407007,-94.95425508341228
012141520853453580670,46.35155803054201,-100.00704733592526
013141520853453580670,44.322429299215,-106.5963600928759
021141520853453580670,40.84973536703647,-99.76499865647573
0121249961527458,45.65068677569337,-80.0643450217765
022141520853453580670,46.06829885829359,-90.04905715103104
023141520853453580670,42.09691748030413,-73.17525138375717
031141520853453580670,45.31163889981785,-99.25494881166628
032141520853453580670,41.82475975776514,-89.7490825631767
033141520853453580670,41.39169961178497,-88.34285546746584
01214152086528793998,39.85420004940994,-90.64284984090341
012141520854423766590,43.20522902509832,-84.20126783326705
012141520854754836074,28.359540301318592,-111.21332356242547
012141520854984237125,46.40755057440079,-95.24937694037932
012141520855159247268,46.18197766347424,-118.94814200826808
0121440527928396252,25.127140570831717,-102.67318442043307
012141520855717947274,45.03185825394982,-96.68340196366677
012141520855684997091,27.616514691919825,-87.12831791306053
012141520856043788783,32.770274686170154,-69.80700570322946
0121473455152271058,42.97512948362751,-90.1229375409111
012141520856866101488,28.41338432044993,-81.82289951182409
012141520856614575135,44.83570889703833,-95.60344356100546
012141520857852331220,45.18971844551695,-88.18047675339983
0121315851163855,37.076937104602465,-120.88129036933951
012141520858238082180,24.555878481753826,-110.22864347003839
012141520858270595593,31.56883122368138,-103.98884454621354
0121688840933834651,39.812108682718964,-97.56447016940413
011141520878359008665,48.914237275858156,-122.34938596344352
012141520858651721826,40.18409600376886,-116.86944056520466
0121309630107101,30.88829287381028,-108.92665818794548
012141520859380203435,40.23887420933824,-68.58753654377341
012141520859446004180,37.889489667608785,-105.7601935533483
012141520859489869152,43.883123726306536,-97.01007868306694
012141520859412781775,27.06954555203998,-113.61350198782874
0121317070403301,43.412911279115804,-89.53479253755495
012141520860192906381,37.92150433128758,-108.70200839728227
011141520860827859012,48.45960034202875,-112.98088692616402
012141520860827859012,32.93902677858299,-95.00498820305398
013141520860827859012,40.20429549672575,-124.68030340425652
021141520860827859012,47.685872901889596,-124.55498464868869
022141520860827859012,26.957826208517496,-112.27967539991272
023141520860827859012,47.8158203004888,-122.86775829620395
031141520860827859012,41.58523082313884,-118.72743813532713
032141520860827859012,26.091423824772992,-105.32391068606617
033141520860827859012,31.916800659045393,-78.39751740335595
012141520861016607355,42.092147559672725,-91.7837495418449
012141520861210548188,26.07926819703174,-95.23172804521852
0121408481532519398,38.943612567407726,-107.95844528022644
012141520861826823499,33.03925112129333,-70.89731962703416
012141520861960666031,39.91177600374961,-101.94715091409473
012141520862092914987,25.53931222800876,-119.94292104611381
012141520862584549981,46.17431328897588,-89.16976740301794
01214152086274258731,48.72189903625325,-118.38992473227194
012141520863626936775,48.60667629177162,-104.95446976726834
012141520864378718877,43.12864545418379,-95.53690759121677
012141520864413017797,27.64690947269624,-74.23789318846966
0121463417651449733,43.34382665303421,-96.34200558752146
012141520864549654160,25.010687097818355,-84.22304277910202
012141520864921345084,24.94913241178416,-67.3516633322782
012141520865426975045,32.482696336619696,-117.36502771280215
012141520866589208259,36.60654847399131,-109.04759583615312
012141520866771266280,43.647287076552026,-102.08877050271015
0121572552752773207,41.47052703541218,-100.50636542702598
01214152086684120559,35.5385471220775,-101.13388452564372
012168247459543823,31.233704818379582,-72.29917686382254
012141520867325585288,49.312504866165895,-83.53938746499486
011141520867432410694,35.0457476893376,-89.70172234458121
012141520867432410694,35.67558953330115,-107.03614010702887
013141520867432410694,28.48494822512849,-77.1662571103253
021141520867432410694,44.25704874464067,-69.54400072460417
022141520867432410694,41.73007414193913,-77.3167686084596
023141520867432410694,29.912910122846185,-124.90912149406189
031141520867432410694,26.45484968690096,-88.04708078771128
032141520867432410694,41.400658585208035,-122.0308020883504
033141520867432410694,40.75126694801772,-110.0419259802177
01214152086807492432,31.224530723607604,-121.54367267868548
0121179023523372,48.156534236691364,-89.94035739244903
012141520869220294058,28.170950152715726,-85.13286143938899
012141520869478095156,35.199511625192585,-118.35222606601884
012141520869542487093,47.97542979394397,-102.71223020527356
012141520869886294551,34.88447518171579,-98.5084309257976
012141520870162963919,40.351826306527556,-103.57077759865302
011141520871188740634,34.3314166960142,-117.97263130607706
011141520871221057586,31.248411187048685,-100.67361641521445
012141520871058427536,48.983990666102585,-81.38252364744363
0111415208713467417,34.62476661650061,-120.87690942558078
012141520871156332860,46.73810360649439,-120.34431300492822
011141520871333323946,30.142425189736755,-104.40005238788808
01214152087119166964,29.721378999413982,-70.31829161279111
0111712957940653018,25.174288019822317,-86.1790417817959
011141520871254289044,40.68019121583389,-85.59273713772615
011141520871577766597,33.60506270328653,-103.9849601064033
012141520871512938268,45.99493516490534,-90.528830884336
012141520871471174258,36.22090080890396,-124.41172844301995
011141520871610673642,48.58957378640446,-88.06480954392998
012141520871545386418,29.032228862665377,-71.96960067559834
011141520871643289743,46.1015071520332,-89.43065815396668
0121223835517269,43.80194898740268,-74.26831547998148
012141520871685712989,43.6601416000578,-82.9621932259474
0121241370740111,45.50579354334619,-117.99972371140068
012141520871934588740,43.412813536883206,-72.59866065752547
012141520872120534190,40.04433270794189,-121.14190960662886
0121404466611477480,27.675861565771385,-93.99494910050089
011141520872343566572,25.20907379943638,-116.74674678796964
011141520872644990878,47.40650006361077,-124.32025061406745
012141520873119880994,39.80519689175993,-100.49439921095679
0121342142034717124,44.30022165377724,-107.86833444255713
0121315963071790,36.428612595713176,-96.78017234742984
012141520873859729430,27.32761089120176,-91.48464038080701
012141520873941369865,27.52445683484694,-122.46027195857988
012141520874093909780,41.5272476755419,-117.85776077722281
0121595257075621771,35.148813217042516,-92.56218903387557
012141520874233416677,29.40702989702435,-105.07384007606774
0121531600806939221,36.680297113702366,-82.66022790084165
0111443377218922176,26.000764130080306,-87.12440493910012
0121154030449149,38.938638489607094,-75.89961905311498
012141520874895049243,31.117928639694444,-84.79010624753596
0121560303760299839,44.325754684677094,-100.03586712097777
0121560304559952269,32.151648147680206,-85.92390369501965
0121560304868645992,35.771371846263506,-109.0098737029542
012141520875627177685,24.686682632250616,-107.21377497863861
012141520875676102866,26.206614454554828,-79.18723742558036
012141520876242862842,34.20395661216806,-99.07845881975007
011141520876444414625,36.38904359885322,-78.64170222425543
012141520876490205880,39.389651457432564,-77.24569123133074
012141520876526680718,31.684387099917004,-75.20527411189235
012141520877388166465,41.76255011962435,-71.77518087772887
0121656343735677932,45.88908946708371,-99.97465784725063
0121653754333527971,43.883263503016465,-106.48486108145119
0121658064456605254,25.386305188746018,-91.19437943355175
0121329443431604,36.40323962342599,-103.44771362895207
013141520856251165826,27.018308544822276,-90.09837004285274
0111469758225394737,30.44454095862363,-84.02985348366539
012141520878088746833,49.051082213689114,-85.02746658709611
012141520863723587224,27.95699375080016,-103.25142555743523
0121342014188974776,36.86255012285016,-115.31119063847518
0121342015349424264,39.84281439692788,-100.00112883457638
012141520849286285930,41.94953780720459,-116.72020970840201
012141520849337936394,38.380837285405185,-73.31613291032704
0121272778220267,24.640462423852934,-104.91647651494819
012141520849421186384,32.55393949346628,-116.0312283597864
0121474409434158434,37.33291243047934,-123.52236487853581
0121249011589088,26.591920473956055,-87.50004543664919
0121565925266511343,33.15779128840157,-88.01799306899383
012141520849487343648,25.225988942634107,-105.22267260766567
012141520849558672120,26.359831415834517,-120.83601833794894
0111340423387817180,34.31464667188929,-101.21472207748354
012141520849655573874,27.712615897815695,-106.92902232562118
033141520849689407536,38.578047093402226,-85.6826988919116
032141520849689407536,41.62469312205045,-89.82516739545227
031141520849689407536,44.40140846667272,-103.82970839690671
023141520849689407536,29.397672310701527,-112.34797514338567
022141520849689407536,28.58137113961875,-67.62926676971011
021141520849689407536,27.00925442266801,-98.63820064455047
013141520849689407536,40.29945889710887,-85.03506054149915
012141520849689407536,42.04975877724101,-116.83873149978642
011141520849689407536,25.185584166210386,-96.80402528570622
0121337619174190609,47.790426419749636,-123.40106851998995
0121257960836224,25.694969034447176,-95.65053123282902
0111281730392839,37.92224789131991,-69.02391472822555
012141520849810184725,42.11434771306547,-102.69087200159292
012141520849856985738,46.160128012623375,-122.73567976155235
033141520849889295567,42.23994796447171,-123.20253868927823
032141520849889295567,44.429929426152114,-102.47138194937824
031141520849889295567,32.87850638376926,-115.70808325354196
023141520849889295567,44.75719868355353,-123.64405048530246
022141520849889295567,26.398221787202583,-81.09013133412898
021141520849889295567,46.756031342473264,-98.37566432437919
013141520849889295567,38.07957367494837,-108.20487794015587
012141520849889295567,44.81898554071129,-72.73628294237935
011141520849889295567,35.69885990945751,-118.25634133620359
012141520878232623239,40.478059626455526,-69.49416215161293
012141520850026681042,37.550084011604646,-106.76938754979554
0121192986974824,42.67730354909832,-73.41445875381733
0121498060358417258,26.436082072479476,-89.98986261178317
0121588203106522234,25.90438889236041,-76.99688167244584
033141520850149391893,30.57093596660724,-67.8628525525242
032141520850149391893,28.38301844390236,-108.25361423871627
031141520850149391893,46.18047935118426,-69.19125475154938
023141520850149391893,29.87403807680218,-102.38456629527616
022141520850149391893,48.781277805671245,-102.61508548133156
021141520850149391893,32.81467688956601,-105.2352764250073
013141520850149391893,28.947079583125003,-93.5629344740913
012141520850149391893,44.12933378140163,-116.04950178547259
011141520850149391893,40.856130829604666,-92.84850450674838
0121467918329631811,36.84524747251686,-93.54567713434378
012141520850353920995,38.27376017900708,-80.75984363331881
01214152085044562966,42.367757995556246,-76.59375649061045
0331312049830880,30.10494649912356,-99.42558360432847
0321312049830880,49.29274971112167,-107.4448898731083
0311312049830880,48.754488275381924,-109.94160767327706
0231312049830880,40.64667876672158,-113.69908323348183
0221312049830880,29.382484740940026,-121.65266835115328
0211312049830880,41.393885333285226,-105.11561085633147
0131312049830880,26.200405453492095,-109.30795154991846
0121312049830880,25.162254257743793,-68.88455893019113
0111312049830880,30.835300902262635,-92.6163971889959
033141520850455243025,35.95635357414987,-104.83520939956679
032141520850455243025,46.092744778769884,-91.29489914723261
031141520850455243025,42.56684507377399,-116.91748368178061
023141520850455243025,42.955095687071186,-99.21640876376193
022141520850455243025,35.02855671585523,-88.63743484592771
021141520850455243025,33.040548890513136,-96.61193717090364
013141520850455243025,33.6678431613974,-101.67054117512238
012141520850455243025,49.0757446811148,-67.29176594373179
011141520850455243025,25.398558480474684,-73.88414480047481
0121652674389462657,46.06173437668255,-88.8016649749101
012141520850563865895,38.8562780431774,-91.93885869068544
012141520850596642181,35.35645202548044,-88.9610823549792
012141520850647457253,42.51908268133646,-113.31072589508405
0121662474888906066,36.557215841767544,-102.05615702812773
0121456044816318202,46.221451544346436,-122.70876525509078
012141520850747607788,46.903091213006526,-97.38721484853129
012141520850796855195,34.93429160676025,-93.46904403192718
012141520850846850637,31.31369483869933,-111.7756136407806
012141520850881363116,39.19798762840736,-69.02325045693016
012141520850947733250,47.19448889843716,-72.19212695044634
033141520851014783297,29.660345311983047,-83.06844251166157
032141520851014783297,39.963028138413485,-94.02867604448885
031141520851014783297,40.177766357682906,-74.48486665831851
023141520851014783297,42.71537285976416,-117.41361547538278
022141520851014783297,27.683927894344226,-79.09870887621726
021141520851014783297,42.28337800872426,-117.75222576406495
013141520851014783297,47.11125807801907,-78.88381636848388
012141520851014783297,28.88623850860505,-108.98743756943061
011141520851014783297,30.3320524803641,-74.07135826422902
012141520851234164013,48.669577179667186,-70.18378988392791
012141520851190397754,28.918569143152368,-116.36009805422512
0121157652401714,45.74572543237371,-98.13454204136775
012141520851284028935,36.69737169081632,-68.03854606241107
012141520851431459263,30.57413044874031,-96.93073936502176
012141520851382351854,46.15465007049258,-74.85774177975824
012141520851470612547,35.52361797726935,-90.8150510128904
012141520851534660857,37.260589780862794,-103.20630750478792
012141520851572510626,33.37284939622982,-108.40585496146147
012141520851613506422,39.212993523198534,-113.19976383015717
012141520851687106195,28.482450704348178,-80.76586044443172
012141520851896838664,34.16867299193103,-102.55535925890295
012141520851865014421,48.62003158113028,-95.31257043886464
012141520851824763495,30.84655912300741,-96.41290930377497
012141520851960762491,40.806876610391036,-91.48004493759566
012141520851992635358,32.522173584349886,-74.73989084113775
0121441568574458273,43.72389313831306,-68.05294829691042
012141520852025532951,27.666585577713164,-101.33344766795163
012141520852090467062,48.63024476547493,-76.949757954761
011141520852058339575,35.735623749571445,-80.60736485642212
012141520852122656850,30.29474878062461,-91.69779481628301
012141520852154994845,26.232848397119724,-69.48671150590135
0121255970064519,28.638227020222722,-113.35936105180161
012141520852250822076,37.3844454152152,-118.6555266447614
012141520852295584059,32.81736022282381,-75.41433118508762
012141520852340895422,45.108486990842934,-99.50057706274025
01114152085248708825,35.16334698563739,-75.82038928385973
012141520852472692098,30.611192679133325,-73.14233320654
011141520852440703593,39.81755778251083,-121.37337296974336
01114152085254371585,42.05729243439436,-73.7012386473663
012141520852536435817,28.57035954672433,-98.96816127278069
012141520852570086922,28.584785357573296,-95.36151803999898
01214152085264292326,25.31265544978672,-88.61663640859297
012141520852637503878,42.79755837256098,-71.20919559569661
012141520864213891334,40.983488726440044,-123.89001575701515
012141520852813671872,36.25640805478014,-97.31187896943457
012141520852877830011,45.490481387364746,-85.06712388579125
012141520852910098965,44.528434065423575,-83.03570973726055
012141520852941925453,39.02317212526426,-84.78780657385227
012141520852973836388,46.09271417102933,-117.19396640381176
03314152085305787970,29.53987844845927,-107.61546642109533
03214152085305787970,27.192961045491394,-104.17102876898518
03114152085305787970,31.136824780067112,-78.29000762809024
02314152085305787970,25.822797214302604,-108.81368814150383
02214152085305787970,37.669198724166186,-112.76532566991638
02114152085305787970,47.800257869351114,-69.40536907190474
01314152085305787970,25.379426361401755,-124.48534953867383
01214152085305787970,27.44759663677825,-67.06110295185798
01114152085305787970,35.69587992869789,-85.70008024868682
012141520853122401490,47.73202363173816,-76.89457388568825
012141520853162983292,32.29643255896429,-107.89279806481787
0121257660859357,37.07111676124599,-124.16877724669277
011141520853227086388,25.43513268059415,-82.15528912083178
012141520853259289762,28.103115322800726,-76.56503529297905
0111468285073451876,49.050270844001815,-82.00393499338216
012141520853291478467,48.51274224247872,-116.70533664225327
012141520853323875780,24.519748490588075,-81.25188372014252
0121247848425659,48.180228484745165,-80.35216802012351
012141520853388529319,40.36666896213062,-86.76156178519652
011141520853420753048,46.08389373938104,-80.51514893237318
0121497871892610238,35.75937024957165,-75.88120785889342
012141520853550760250,37.280047341939735,-89.37081325703285
012141520853583403790,36.61163078978893,-119.85512918332358
012141520853615779133,41.05994541077493,-96.68568155171525
012141520853647743175,27.885920536413487,-120.49125799307934
012141520853740765731,25.14528956241797,-101.33583865959855
012141520853776362855,32.09087677697776,-101.3611866531301
01214152085388418996,42.00490613330146,-121.1671100157639
011141520853840279157,29.44023215432084,-104.74558570223257
0331338230758778794,41.2240713155447,-118.55484766449982
0321338230758778794,48.63251870373078,-78.0694749896742
0311338230758778794,26.742703781181778,-69.97208726652184
0231338230758778794,41.203323360315366,-120.80091276806343
0221338230758778794,35.48476066749359,-69.54082478906821
0211338230758778794,46.08949005949782,-94.65636505157417
0131338230758778794,28.822935796200753,-107.6055900963668
0121338230758778794,41.70367992552501,-120.53697054839719
0111338230758778794,45.33917476349146,-95.93103660605591
012141520853971289385,48.00037534692787,-78.86611326746055
0111692109246752626,41.46934389330308,-83.94271965032394
01214152085404870149,36.819735861780785,-122.08360504715944
0111676614448959227,39.83510573050994,-120.76692358157348
033141520854070109589,46.108549197403434,-101.60698960842439
032141520854070109589,38.65473287949841,-107.85383048819374
031141520854070109589,25.155621367057545,-111.50650435649166
023141520854070109589,47.658900550763136,-108.68335293893101
022141520854070109589,41.6262369311142,-78.34542901288677
021141520854070109589,41.301058309471124,-71.04397349780334
013141520854070109589,29.785609491871778,-101.47753784809821
012141520854070109589,40.86057107444715,-72.38627503344563
011141520854070109589,34.2382114617064,-106.33221386389019
012141520854248144034,40.669350191961655,-97.3354815200436
012141520854280294843,27.05985997098759,-111.87552904934492
0111678777425185671,40.83457936368589,-87.81048320636148
012141520854312441946,49.3697081502437,-68.15504058549519
012141520854344487011,25.60103283764952,-89.95791387620991
012141520854384497099,48.81398537403149,-104.22337134589061
0121720080230334263,34.56414446794113,-87.38420143705818
012141520854460167783,46.15473875469995,-117.86255794901552
012141520854512272228,43.94659559492234,-73.3996283809851
012141520854564870876,38.56493868034791,-95.78821407186996
0121660486694337500,42.84871376323261,-98.9083140080791
01214152085465514527,46.348698771576146,-90.98150913658736
012141520854680410770,34.4949865644321,-88.72165635007235
012141520854720400713,32.568228992800286,-120.83230694786084
012141520854853440232,41.07816489813213,-85.363537524258
011167963748528415,44.58280278952527,-110.95213295185624
01114152085485118349,43.44432706205481,-83.54403339387288
012141520854885634144,44.332115348362,-77.23916347412003
012141520854917808640,35.28068564971131,-78.31780355680465
012141520854951997018,44.83239028549225,-92.91879375204493
012141520855020470050,27.400097886053533,-94.79611152992254
012141520855113518924,38.00202880430061,-116.70384586816368
012141520855063568213,24.540205696460088,-79.97919237799725
0121256973105014,32.50707494683945,-109.24049761832794
011153182952669091,33.55346715644323,-96.15916669504412
012141520855223551396,34.29589102656665,-108.49350255630378
012141520855257299459,41.77467733412661,-117.22919855622672
0121254616108172,34.10561726244846,-88.44446162017165
012141520855351336935,35.60828667677293,-121.84518703523311
012141520855385985997,30.33207261949424,-81.52959256301152
012141520855457139716,33.72314243182353,-106.5591861708413
0121256181275714,30.075332809532995,-124.99217899277657
012141520855490464120,26.22533140292206,-95.32106674466038
011141520855523033871,39.47531162384354,-122.27952378502405
012152978495728602,41.09364282093267,-108.96409587221962
01114152085562993052,39.87616374060555,-83.94910625599422
012141520855556716582,35.978120341190895,-121.35990016398907
012141520855652144860,33.8864140644076,-76.263449525797
012141520855750077974,45.96933240218325,-124.77819454826263
012141520855782220219,37.36714960107307,-110.6680659005278
033141520855848674382,36.3701287173056,-81.97908739078582
032141520855848674382,25.037053222474505,-106.63563775980342
031141520855848674382,32.92342577911378,-119.08357467322006
023141520855848674382,33.89665513200194,-104.08286260426807
022141520855848674382,34.36211159019079,-109.29949755696938
021141520855848674382,38.89368417087104,-76.06757103492944
013141520855848674382,37.729995117738575,-106.80531842581411
012141520855848674382,39.58667085397723,-79.19029678536327
011141520855848674382,43.50924918357778,-73.21306040654241
033136387443735503,44.71123628832468,-99.8102049907984
032136387443735503,42.34080333490145,-72.16376007654287
031136387443735503,48.2729818907067,-103.090864949864
023136387443735503,24.85190468754606,-69.02037219278277
022136387443735503,29.288418095159734,-119.81536536392706
021136387443735503,24.585289498097566,-85.1079308722046
013136387443735503,40.575438531030926,-96.32647540083104
012136387443735503,46.83634025868972,-102.49100542223151
011136387443735503,30.480455800963398,-88.26131269435461
011141520855913966999,47.56109355709735,-84.13023531570315
012141520855946506780,25.902272561925063,-124.74664487154885
012141520855979063449,47.74604215961753,-115.30579711206575
012141520856011329940,33.182673289878345,-83.5966744601165
0121156682628528,26.930616732330446,-86.3060444148536
011141520856111440199,36.537295812135866,-68.90603621427616
012141520856160178839,30.81265371302844,-80.81001346283847
01214152085625603599,31.514726317869627,-69.79297389331552
0111315579393480,32.07488500807629,-84.20668368596577
033141520856251165826,44.46235928633749,-107.69347034290101
032141520856251165826,37.868896939625095,-118.88194048258745
031141520856251165826,32.175280351895175,-79.60306119061508
023141520856251165826,39.647359094062395,-87.5971984708357
022141520856251165826,42.29151685502287,-122.20205847039793
021141520856251165826,31.20865016152958,-104.09351487575935
012141520856251165826,34.73009362637056,-69.44300728998425
011141520856251165826,27.44200379460831,-95.9439923018445
012141520856432996395,28.922877003640068,-99.87339664348735
0121247778487687,41.416114990769685,-98.42347561559538
0121254617504952,28.930098504135714,-112.87113481106884
012141520856547128171,37.51911688924169,-103.59085957965219
0121332089165314,42.113991440233235,-103.5266342714045
012141520856654733192,27.066953898137616,-121.95998324015574
0121312493530620,38.57233410969802,-80.43085559602682
012141520856767383434,30.807311667268863,-100.81549106459555
012141520856735235045,48.457972904780405,-77.25977133465304
0121593750004540741,36.479170797519814,-75.62417766533278
0121593750528968407,44.53649013340914,-112.6904740564789
0121415208568171040,38.14539634672778,-86.83048739579415
0121313161996223,25.481102541602866,-97.57675396010067
0121403215193710589,40.21752623091221,-73.89332054519166
0121247775351155,48.170022285227056,-112.47292469512715
0121415208571872390,39.42941424240753,-85.64248506432114
012141520856937144848,44.8662401787996,-89.71061168798309
0331256976339418,46.49090331647318,-107.85319272515618
0321256976339418,30.095576745448522,-117.06820979110609
0311256976339418,29.694895061868763,-87.16225710278994
0231256976339418,39.66353149845803,-82.11302099663922
0221256976339418,34.66710795495343,-106.67296256462326
0211256976339418,45.38280422909875,-87.55751756942462
0131256976339418,46.88613080862567,-102.05655394324779
0121256976339418,33.22761909708529,-83.58733564323498
0111256976339418,30.315241371182307,-113.4324794007086
012141520857147730335,43.90011860118938,-73.3092830794794
012141520857182328085,31.263174956578602,-108.31143819509963
012141520857215724343,44.95183572173572,-103.64434847296424
012141520857347719315,34.98470066908797,-121.6268658229151
012141520857297542639,41.07707826099023,-118.52499544131379
012141520857383904617,26.783549198866382,-95.0462567983905
012141520857248393188,39.985335997984436,-109.46211616093935
012141520857418421361,35.68510134466982,-76.4874814357824
012141520857450875914,39.054509608251905,-124.14682206959299
012141520857483927752,28.594655423839036,-102.9877410534231
012141520857523284042,42.80934598235247,-105.41188576826752
0121282714140942,45.95592451350407,-123.87773279988821
01214152085761605041,29.812212961658307,-117.7784954336238
0121256951159877,26.788028099065578,-100.98166021449923
012141520857634801721,24.986990170055158,-96.3816059722877
012141520857678040561,40.437923951651356,-101.5247419810547
012141520857719205741,39.56640412848826,-94.17087539980005
012141520857753381561,38.05721028376982,-90.44342338998139
01214152085783102457,30.1922136351008,-124.42376905896914
012141520857885115821,34.164286570986796,-98.05211500541373
012141520857925186398,39.25111238744885,-69.05400227318859
012141520857971365393,36.809543107515864,-94.8621674703973
012141520858012793138,49.079141968405615,-85.65821689682087
012141520858044957650,27.805671358875276,-106.89149098859727
012141520858137125870,41.76661487376897,-80.05785781126724
0121311385874582,34.49944559332846,-80.11998179862616
01214152085825923072,35.09618138774201,-94.73072083566193
012141520858335853440,42.327676848154795,-68.32733766534844
012141520858370534876,41.698937171100916,-117.70987279321419
01214152085844901963,49.16586233342997,-124.01592655069058
012141520858437745979,27.604630924594154,-80.28043226629316
011141520858520153419,26.99780512429402,-78.13216664602703
012141520858618220227,42.49612257935384,-118.02011555200522
012141520858585228719,38.849069201502004,-109.57881860364037
012141520858552556348,31.24704844402976,-123.98081447360045
012141520858684154746,26.380843163265247,-107.96890939232387
012141520858722849428,26.536740623828088,-80.10718463990655
012141520858828394194,46.74039428565072,-94.92439923534218
012141520858878342975,29.190698303438182,-104.78767970157828
012141520858919513322,32.47673276272074,-103.41479799336712
012141520858953817157,30.06000951166809,-124.92140114077229
012141520858988067752,33.26697343994374,-107.59195345269772
0121273195944477,26.131074453731518,-87.46309518953466
012141520859055636971,37.36660000820541,-68.43298071619238
012141520859087996728,26.085814119670445,-75.81504884502426
012141520859128001212,44.39565643529056,-123.62994823202256
012141520859173562416,30.236317188381996,-72.82469210849544
012141520859214322570,37.89015272273324,-79.52324735649756
012141520859247003134,46.387768243940094,-79.68712482311788
012141520859279596014,40.660464241619735,-98.40627931528124
012141520859312317771,37.713883818234095,-101.88965152232082
012141520859345983257,32.500776039534664,-107.41106795153726
012141520859595360724,32.7173764535939,-121.1853997660254
012141520859638906092,41.12548151084013,-111.74741547753206
012141520859674996640,49.23791206516259,-110.68085389543796
01114152085977315058,40.93437876791576,-96.89185679413717
033141520859739837994,38.33422792241305,-81.59931912986812
032141520859739837994,42.65383948238379,-97.48802857584701
031141520859739837994,36.02088910002617,-121.64123716973735
023141520859739837994,25.89914786402555,-69.3855233560055
022141520859739837994,38.44700894999801,-70.26030704034315
021141520859739837994,48.32549649048467,-79.40763154558411
013141520859739837994,28.77678668878032,-67.43811912467585
012141520859739837994,41.638184712071336,-93.38439921854962
011141520859739837994,29.417249058896935,-69.09644175215698
012141520859836882379,37.78559697099758,-120.6099608064209
012133787920070033,26.812063957594713,-103.76659010948171
012141520859916213617,35.65019947376634,-111.9131397592419
012141520859876074979,43.29135507060086,-113.62886776151743
012141520859949850367,33.0814426262599,-116.82421622727874
0331254106545360,41.01115541707283,-88.85928426460453
0321254106545360,44.27305139271179,-79.63221047763476
0311254106545360,47.564673712043536,-91.420854769345
0231254106545360,30.259556073508165,-116.46654707379548
0221254106545360,34.37443407003878,-77.90174951559194
0211254106545360,28.20488696190114,-88.07301646801402
0131254106545360,49.196535376108585,-102.46099136248236
0121254106545360,47.56025453654068,-85.85633451367141
0111254106545360,37.88878376930714,-109.90850562112384
012141520859983001826,45.437078061542735,-104.95626598113401
011141520860160225597,37.414031983972656,-71.72578999962843
012141520860116993767,39.97849835109736,-108.13173096125153
012141520860225970622,26.62335376593663,-97.7099291144541
012141520860258761618,43.26904303089526,-73.31357209641132
012141520860292139237,27.58761891475143,-83.90585547653541
012141520860325202816,45.03812724813169,-121.38814292535929
012141520860357485448,43.93766495611199,-116.44678539363255
011141520860389565115,42.10645594443638,-124.54467465994462
0121213660963331,25.29988539657178,-88.36525495397382
011141520860596734559,31.97089451477967,-99.00565005397112
011141520860532832539,30.97097805256064,-117.20327304417349
012141520860468613813,33.39541455671869,-69.37714334916657
011141520860564590641,26.586329338272137,-94.24508037541628
012141520860429870455,47.809056929791346,-110.95436186321862
01114152086051085744,38.234746081032895,-95.9322383813663
0121186855873456,32.030764750938225,-85.53755314299289
012141520860697609663,34.31610199772805,-120.57313702550125
012141520860763511338,35.57102744226186,-109.04920485660368
012141520860933738460,39.40398923173177,-78.14320177665982
012141520860979647786,37.28213132325147,-98.3093616441752
012141520861049170274,47.37012059628052,-93.26276321972372
012141520861113162655,36.81445635902503,-99.86835272082621
012141520861145116085,49.18840208230568,-122.45093095345857
0121218425133879,45.67175741538234,-115.37566776233732
012141520861242597539,29.606579158286827,-99.12943316354745
012141520861275214854,47.65006775328291,-112.85355600133855
01214152086137513350,27.304077368682172,-122.09794620989344
012141520861340065354,44.82278218826332,-76.01311948747531
012141520861372839774,33.907341888557454,-68.02663388129807
01214152086147179859,46.33517421799742,-78.9458179699435
012141520861455912213,46.08735197523947,-75.42461139370218
012141520861556752518,44.53481219440913,-110.94949387797472
012141520861590663057,44.137628043962664,-69.22078159722658
033141520861623828732,32.0096455617388,-113.56542429285876
032141520861623828732,26.418323090848844,-69.75481894652174
031141520861623828732,34.46599685599279,-67.23538992357064
023141520861623828732,28.73234725670863,-83.6735092435492
022141520861623828732,41.76178055704916,-68.02946732170318
021141520861623828732,33.04466527171251,-91.9294277973309
013141520861623828732,48.774904479597595,-109.92959475691354
012141520861623828732,40.412950317309026,-99.62564599059489
011141520861623828732,44.94849344812359,-90.53462905602858
012141520861723365481,27.707841148706947,-120.7564876758297
012141520861793191633,45.9363689837524,-88.86337073239582
012141520861893985296,47.45421081440822,-68.02748700192755
012141520861860366029,36.56703558054351,-113.96131756901845
012141520861927442537,39.54538672116831,-78.977623756815
012141520861994605040,43.5074135454541,-72.28246614270506
012141520862060113013,28.765184359914553,-70.20356122120896
012168714606283101,36.95445424697232,-69.24931327188781
011141520862261909412,34.35811967112595,-94.72122184999307
011141520862228557521,28.05390863484989,-68.2521960800729
011141520862294917298,33.5802765209419,-81.02645717934973
012141520862161888668,26.099801075540185,-115.61247853618323
012141520862128598330,25.041297221449128,-97.30859025089154
012141520862195249996,27.77384999171517,-83.28979141961918
0111431540446703172,48.46267656414585,-110.63807820562913
012141520862338276354,38.12797951942148,-87.80240390270492
011141520862375393511,48.530320454004716,-86.29355654595206
012141520862441883733,35.20358660860725,-115.55276941486578
01214152086249041812,32.18798512434112,-92.18807834574635
012141520862476696032,37.04380617574516,-80.19515161445543
01214152086259424214,35.37884805114359,-96.03140871358478
012141520862542102642,27.03666241356667,-124.29722732005511
012141520862672009285,40.40930799279461,-124.4751774063692
0121463415909959144,29.794680906459,-104.26893761976334
012141520862736838548,39.87860279638471,-71.22014315305915
0121153968850036,40.643565406899675,-111.72178446130123
01214152086283719385,28.195112631221317,-88.16539962927926
012141520862837069382,25.929315549722734,-112.10506907556794
012141520862869544529,43.906017550757475,-106.32209373232276
01214152086292351114,35.88582397916896,-75.7580714091913
0111472426269207675,25.849707830280604,-82.67834694417536
012141520862935119756,49.256077276754,-119.46059994111918
012141520862968290563,25.84013154720526,-100.10723280955371
01214152086301061162,41.76388305047897,-123.30624513093935
012141520863033626074,48.97652616842844,-97.07690685473324
0121256257291711,30.37295240315276,-86.53548426395244
012141520863113889588,27.950842337224092,-118.11909420464518
033141520863213327414,27.429480935534624,-108.22577180171557
032141520863213327414,31.974562551176454,-101.89944527046829
031141520863213327414,26.92124577782459,-71.60703565500586
023141520863213327414,41.692070214320054,-67.32622042980896
022141520863213327414,25.952858566263913,-122.392206111961
021141520863213327414,37.125773609313356,-80.81174768883295
013141520863213327414,49.30181881892088,-103.41568224299938
012141520863213327414,44.73583779292987,-102.21174665956516
011141520863213327414,39.769442083488414,-81.20327998866658
012141520863289609985,32.04898878889689,-71.67117429411101
012141520863245845919,39.98624835204728,-69.78392226091388
0121315593247800,37.56604645229755,-91.4891288789729
012141520863435875833,35.0433009008218,-104.2636063231178
012141520863326808641,27.662505429502943,-79.27062368350306
012141520863360931871,46.55081846063955,-110.42549675027973
012141520863393220184,35.63554929397965,-92.24679896394939
012141520863473140410,29.25954505650287,-104.17898744281979
01214152086355621617,33.58589704768926,-86.87243435379048
012141520863538224179,34.74460296268045,-111.04113375130598
012141520863579129336,45.07486631131984,-113.87507322094068
012141520863675504747,42.72790082218734,-71.68205258938346
012141520863830921525,43.61973714755448,-119.08872537395148
012141520863866048242,24.67195778710626,-95.62133652547087
01114152086394519464,34.79518491421579,-112.17608819055621
012141520863970573658,36.42415972827105,-122.73951493961088
0331733058607748413,24.875885572868384,-122.90855182781647
0321733058607748413,30.888533450781352,-114.82567245731313
0311733058607748413,43.39446811466706,-74.67060665435665
0231733058607748413,27.822412182241514,-108.59775026511403
0221733058607748413,37.772664330243934,-69.8111795631021
0211733058607748413,29.77378313806033,-91.22785145999649
0131733058607748413,24.69918252284034,-99.647809326975
0121733058607748413,30.423462082570225,-91.31689237671921
0111733058607748413,48.781490181380164,-94.99768608153111
012141520864049588393,44.42515742858774,-80.9413305517918
011141520864116080734,48.3742571671262,-108.59674445597796
012141520864083443015,36.58682924233414,-104.49997720006004
012141520864148544120,27.138401619363393,-73.08402986285671
012141520864181293440,38.088747108449084,-70.04359558762104
0121154117524487,35.75031155485103,-73.17322272096004
0121254616702649,45.49514500135166,-100.64457186823118
0121469538046931697,26.847200432765746,-79.68774151073912
0111250542293876,36.596501943957044,-97.34136082150638
0111433285673739486,28.145731535806515,-96.11013454300016
012141520864345401923,32.50932629492516,-113.11516145514192
0121588934193999097,42.821423517620204,-90.67576475526383
012141520864450000625,36.29107281757321,-114.19193905851581
011141520864483502714,33.78902326363674,-105.7475531758428
0121248094840474,34.25350097272197,-75.35230367995177
0121154030010714,35.87698682126722,-112.97605409557373
0121178421006503,44.012340648227564,-120.868163573342
012141520864678214155,46.68776481147302,-120.993044461672
0121177868710813,48.268258913094485,-70.37294227964321
0121146506491559,44.05948916091663,-95.56544679395775
012141520864643193125,32.27771128129613,-101.22731200275395
012141520864594390949,41.59145244242582,-77.91598651598538
0121178420298319,35.331156744052336,-76.46740809072688
033141520864710265676,30.76003023721783,-105.71118481999818
032141520864710265676,45.408049070273925,-84.72476923701936
031141520864710265676,25.356507529188026,-80.22442211474939
023141520864710265676,46.92958174757957,-86.987426367333
022141520864710265676,35.92772995991609,-116.19756679585007
021141520864710265676,40.31873036255915,-74.14147212585617
013141520864710265676,40.87227677577421,-93.69724298472597
012141520864710265676,46.76355486066197,-108.5981170996824
011141520864710265676,40.305441851478285,-100.30894256444056
0121252961030626,39.73731111266366,-122.81841848041857
012141520864856906944,26.06181252213255,-117.5753592042958
012141520864954269318,37.35031357276786,-80.5481987461938
012141520864999959219,28.14873850086628,-124.99932442292672
012141520865045587563,42.82333988450092,-100.81192604586946
0121218830455902,37.195734968363155,-94.66022165588744
012141520865079892618,41.393873758247295,-121.82762890984294
012141520865112085490,25.43763252389741,-68.49779804340142
011141520865144264790,26.515095136553334,-111.86993540709535
012141520865176478424,42.295832637079705,-107.3365705388699
0121363916271718843,26.19755499215165,-107.35144733063157
012141520865273244695,26.17687467623467,-111.62075743499136
01214152086535443673,24.69887518459313,-124.91442188681484
012141520865338376356,48.297412765777324,-82.65028091301903
012141520865379106266,42.82520376157964,-68.85970031058957
01214152086551606120,33.223371858220005,-111.97630244685604
012141520865534064680,31.80615393199499,-86.4998796976418
0121154185793421,33.13470979005078,-81.92147075972161
012141520865572408322,43.753389169831934,-75.73581554019566
011141520865847034983,40.92266989795807,-100.45985394485007
033141520865613859833,29.023984109650684,-107.41018670369905
032141520865613859833,28.746960776794868,-106.11159816604507
031141520865613859833,26.85502341482086,-83.6213358664616
023141520865613859833,40.89598537503302,-77.57334906217963
022141520865613859833,43.496490302229844,-114.45450686820674
021141520865613859833,31.019301403306617,-103.46115085668586
013141520865613859833,24.919681733488503,-72.628454641476
012141520865613859833,26.449617735484342,-78.1589939007115
011141520865613859833,48.58124294370936,-67.81377335448364
012141520865881218414,31.77889687184465,-81.2042504748083
012141520865919909412,43.61769447933668,-102.16895157837725
012141520865971323547,40.00543249170879,-90.70436019483273
012141520866019910964,33.940234812628546,-86.61792309100002
012141520866066956038,29.53603159210564,-120.44442928954518
012141520866144232086,27.429517886288156,-93.38354993594166
012141520866111728542,39.7642827960036,-83.81298108678168
012141520866176841089,43.75289564226608,-115.28441653501771
012141520866210053113,40.48621968269845,-79.67228365604652
012141520866243474448,37.64752422073663,-91.10298247715248
0111625095528509611,25.4445872686709,-69.7088325581013
012141520866287099294,48.59695399896734,-122.5367310130286
0121312870067720,44.354618156774094,-109.59372373260265
012141520866336492250,31.71335969418554,-90.0705153302876
012141520866424356898,48.883855588535425,-107.78012117700038
012141520866457109851,39.4361552559119,-83.51665371081276
011141520866490577855,38.94991450441559,-80.92803189809258
012141520866386583522,43.08919801124412,-119.0473664646156
0121409057532232755,44.68085205328576,-95.16281957841443
012141520866523525285,40.80042826392996,-95.45105106666644
0121658185255330814,27.597170914985924,-103.55755328670341
012141520866556573397,32.848953353165825,-70.82931669720108
012141520866622414295,47.58730840864935,-76.95048970884386
012141520866654965023,30.009014139534763,-84.5162374393827
0121264849798445,33.69603620000298,-83.52231673559399
012141520866731430219,35.19306675485372,-98.19025357154939
012141520866836653098,35.376181852734454,-71.52205710488325
01214152086691547345,39.71247293435233,-84.66801784050426
012141520866869118669,47.96193418735664,-82.6714011930985
012141520867013621850,30.410749517906225,-74.96554714449917
012141520866981163098,27.432390466076157,-109.08591531406226
012141520866947416861,29.330710474144606,-78.13708092649122
0121665355412813342,46.55883175267424,-113.66327043587202
012141520867046045211,40.53386087716892,-104.94757104586112
012141520867110996297,31.540561144847594,-105.51263466032624
012141520867078468374,44.78523090829476,-68.18149791203314
012141520867175759533,45.92026453762936,-75.26479779207041
012141520867289868539,45.5490506209096,-84.28627048372108
012141520867256089543,47.35849016891187,-82.78313650239488
012141520867211679397,30.699319224142968,-92.36300150171311
0121682473138640336,43.26333346760844,-70.00677316535698
012141520867361582350,35.904291984861075,-96.18452212262193
01214152086751489752,45.4362099395445,-102.90507555378933
012141520867534204954,42.59986946544825,-115.53328305587229
012141520867566499212,43.798215615507445,-79.3486307330312
0111370099663512308,40.7925128080665,-82.35419727313999
012141520867599105691,28.82990696294751,-102.68225941542954
0121303143406605,38.01546790074264,-123.53713358528934
012141520867631583018,49.00128468472539,-76.28325939720278
012141520867669724424,47.819807875033334,-124.33700988100632
012141520867711663812,25.47513546878252,-84.13936970493391
012141520867744245287,28.514708856187962,-68.6616037131993
012141520867776433794,27.687953177521266,-99.58700678670345
012141520867812192543,42.53713028970806,-111.35616820034585
033141520867858686992,44.831168711731834,-84.07136170729672
032141520867858686992,29.731540696939387,-77.55310306876397
031141520867858686992,37.03658038411495,-93.27128873190388
023141520867858686992,45.403837299095265,-68.8486809170835
022141520867858686992,42.70758964069631,-121.99983345938017
021141520867858686992,37.94575840269058,-95.68882652234029
013141520867858686992,39.14794560656834,-83.28266261351877
012141520867858686992,37.09924676437135,-74.91041010732033
011141520867858686992,31.831463578977257,-114.59144581466106
012141520867960836635,38.515105808660735,-78.54745382989468
012141520868049086156,41.61020837189277,-92.9068259843601
011141520868082219816,46.21894468767566,-101.97393993716953
012141520868114674842,40.29598816780115,-117.35191022809265
012141520868148874646,43.415251023711285,-74.75622968177765
012141520868181453793,28.39618601782662,-115.8678635395653
01214152085832918511,35.92972924867543,-107.01203474624418
033141520868394059392,24.6294869828204,-108.15838146702237
032141520868394059392,30.560331800609543,-74.40096939667333
031141520868394059392,42.549169660329525,-85.93921137897283
023141520868394059392,49.17970465481546,-78.74035209908217
022141520868394059392,26.87457531139033,-110.45647375541706
021141520868394059392,34.42886803945766,-88.71641671045677
013141520868394059392,44.38852136940304,-91.80132363798548
012141520868394059392,29.494760639888657,-76.64134605472702
011141520868394059392,38.266798467413,-72.3876652157196
012141520868436776666,42.71433019875431,-124.2941118367538
012141520868482896448,39.78858323037387,-85.862743571286
012141520868521036836,29.09467946980675,-121.99013203471931
012141520868553424824,33.27667537154769,-93.13028560305735
012141520868650560734,43.98173630031033,-108.29848190600534
0111313432654326,38.24534784645654,-107.18688483480908
0111313432887275,24.52698584469098,-104.50531272488243
012141520868618232869,43.411983161120006,-88.9243867901813
012141520868585829151,25.278669902814443,-105.60324510195767
012141520878316456820,43.030741049577166,-82.45551456688361
012141520878270492210,29.455902361436962,-101.51094340987746
011141520868721779374,48.33669602489708,-121.03104203212612
012141520868683573439,33.59042989057405,-79.49064772942805
012141520868811013797,32.565691575636734,-108.40732000644495
012141520868843380412,28.116730046109645,-99.87120504631059
0121476218364133854,32.03276141688026,-85.1994061798505
012141520868876242662,46.30210106910117,-105.69579027901246
012141520868911847561,49.292760245346535,-121.71432954400882
012141520868956834543,33.59964496378165,-103.28811361915076
0121144958215302,35.60621287682366,-70.1601869329647
012141520868991573189,42.43945270735691,-87.73741627506837
012141520869058522463,46.540612472050306,-86.0102744966047
012141520869025714034,39.21532947487607,-88.28626486770438
0121336416358390654,34.17977172235251,-113.44543588470054
012141520869090804621,34.70692319021745,-100.70926429733953
012141520869155237318,41.778449025569536,-81.39635770392061
012141520869187455920,24.476726131856896,-119.11373911322987
012141520869252797880,39.87863734391337,-108.86635907965714
012141520869285259779,33.27938511955916,-108.95541214971357
012141520869318972044,44.24175062381835,-99.91463520108614
0121277225113364,26.71996275743242,-68.07446749863341
012141520869351496538,39.09433565661973,-121.08043560070881
012141520869397261219,36.414882621118956,-94.88140371986316
012141520869443411431,40.44677035759612,-114.58511261214774
0121526504193913909,26.01687286162014,-68.63724899986867
012132953201677144,38.88897187944352,-118.42098327749275
0121257654249516,38.42671295816198,-101.56473424944319
012141520869510472788,38.406110472276,-82.1543910650351
01214152086968755673,39.47628798729554,-84.08974417818234
012141520869575780119,41.2999226388092,-100.45407992543996
0121247776652860,44.51141337347306,-104.87892518243319
012141520869641012690,31.138601645599827,-101.9124662660048
012141520869674711719,45.0126839140499,-109.65468514090045
01114152086978461812,36.84674590118329,-113.07725462082603
012141520869741277993,26.321844131922624,-96.9520922541731
012141520869773881321,25.859381547495015,-109.40747198441927
01214152086986950741,32.7482718194931,-108.30841481922526
012141520869852835922,44.0093529089102,-86.86517676924254
011141520878129120662,42.07987458135274,-68.76146336379313
012141520869918536742,44.10225816798233,-89.94954638552363
012141520869951185147,37.32185304581576,-120.53015414370189
012141520869984476327,35.396022570861696,-120.61120496060964
0121216100663600,28.080859109962958,-69.75520156961724
0121449801768555875,32.597204936827154,-107.73768242576483
0121154660435638,35.24160562292111,-119.65409086431706
012141520870049348396,26.61025996685576,-90.21621845794061
012141520872038326910,29.908970504945383,-88.78756551960103
0121562334161179465,39.34479155932941,-87.34428876273572
012141520870081976919,42.77909468176459,-109.47318626957988
01214152087022101626,49.343065532062596,-124.1225916234923
0121328043067334620,47.712990579279385,-68.96596761601722
01214152087031411951,40.45275933424534,-110.43178741793649
012141520870268905113,34.922475418114935,-85.74624289292495
012141520870235752551,40.29313979819756,-83.96923275464869
012141520870367567696,44.02820991516974,-89.57965702409032
011141520870333736855,27.353298655603147,-106.830897604805
01214152087041134427,34.63903187897534,-109.2586794538004
012141520870435377358,45.381329503577085,-90.29613416750598
012141520870468887118,33.987544994550504,-74.70978461321468
01214152087051357719,38.686280907038494,-70.02749893455959
011141520870119804520,39.08351817769265,-118.85053392779992
012141520870533873517,29.00600983711604,-116.00981003320997
011141520868769080359,33.44786532777947,-70.1434828971692
012141520870566017090,32.75509280864784,-82.23276525659207
012141520870632094493,25.050912662634662,-73.72858387391454
012141520870598511353,25.000813005705382,-113.23404896689863
012141520870666854496,45.178795312222405,-90.881573732108
0111415208707452752,31.219815053141136,-84.2880279601238
011141520870766771331,37.34208611471383,-85.50901092341078
012141520870733744659,31.86087756911494,-101.30049656459809
012141520870799820351,47.90204801090438,-124.10608899414075
012141520870832405841,30.875628375375896,-91.15214785345603
0121595255340495466,35.132593919561145,-110.30355029387417
012141520870870575332,46.204135135621755,-98.85579358838723
0121560018926623825,45.43458606367206,-69.39764659932166
012141520870916768836,29.04661953421367,-101.82984269590544
0121256790307288,44.4527991573407,-76.23655859433919
012141520870959480596,35.8455048351508,-114.05230865470926
012141520871723069345,36.46475832411246,-85.95329202416255
0121124399621455,27.731712224728224,-68.26967107751233
012141520870991822065,26.41038265583872,-119.08353328377954
012141520871024140769,42.58609179962579,-124.51689897700294
012141520871365993144,36.80190409811185,-99.82382870518641
0121341345329764,35.312355199483235,-119.62166149766465
012141520871432640729,42.62529609297752,-81.54474093077926
012141520871755470483,43.524982595634796,-71.89633857770797
0121415208719546212,28.36711323913019,-99.79838559064765
012141520871854179539,39.64464454640478,-109.97779725223819
012141520871820698179,27.77854257565892,-99.77618448845402
012141520860047763924,43.171706218448094,-82.992691373978
012141520871788167920,40.8123362925611,-124.47426621454628
012141520871967832463,48.3002419823645,-90.77310063535558
012141520872080911847,26.11943436061507,-89.38895460158983
01214152087201320614,25.8219942248636,-87.97235773804134
0121576329771861342,31.44761273178742,-110.94688385641597
0111469723865130996,30.935822710477005,-83.53822157437801
012141520872154045720,30.567826580151085,-119.69331404780628
012141520872186640641,47.04184277078869,-113.42928222681053
0121154659695877,30.631980919149452,-74.04932442888745
0121631668646203826,31.191801353988538,-82.10572260210711
012141520872219294630,43.3721897512132,-124.20185849574301
012141520872251528236,35.63442967014622,-110.5779256398356
012141520872297399985,43.80479023272392,-112.5503953702142
012141520872413169363,26.02968081352674,-109.27551411581213
012141520872446470720,36.57976136607021,-110.62533548799718
012141520872479046329,25.236246322059877,-121.36938375138449
0121587858529675057,25.96188938060257,-98.35142155938348
012141520872379024832,47.046412406042805,-82.45351571114716
011141520863937546375,27.875778295755026,-89.76986150964042
012141520872512331941,37.70046262972724,-85.92941722803499
012141520872546071777,34.66878547256658,-120.2880380541465
0121686530913698602,33.07574040372228,-69.75128277257946
012141520872579840194,46.88138863370085,-76.3126111164162
0121257657223632,24.94163212979577,-78.2520844677124
012141520872677385250,40.98311786763993,-77.2130914772136
033141520872714106212,48.46965629184991,-70.84176327975271
032141520872714106212,38.39381857675368,-93.3976594284027
031141520872714106212,47.805674522406,-113.37053851124861
023141520872714106212,25.702130500493126,-89.18619459309082
022141520872714106212,34.8611363966911,-81.86426663112884
021141520872714106212,30.897143888449282,-82.15250925041937
013141520872714106212,42.658098813986726,-94.72183818866971
012141520872714106212,48.91700876219973,-121.02491502464648
011141520872714106212,30.806494026859987,-103.4511676514911
0121536089728572542,40.74285565036425,-71.53529094993351
012141520872823003435,29.346381552282025,-91.06372274190386
0121569500589991251,38.522808667748116,-93.74152423212139
012141520872857032819,35.98907617399248,-109.38890508038675
01214152087292818943,48.684825777099334,-103.60585503200828
012141520859562491453,39.60221791650294,-73.0113443345029
012141520859526120920,33.129790701024035,-86.30153656624384
012141520872948651888,27.247339177568925,-79.28003371520428
012141520872982419893,28.175671318769982,-98.61823764104469
012141520873015638261,30.02653871146796,-88.40442419597382
012141520873048700723,30.667475481904432,-110.57749895337389
012141520873081181033,45.65154458413724,-84.03711354143235
0121256442716217,38.42017109474315,-100.17114468994222
011141520873213643952,37.474826262968236,-99.30340438771043
011141520873170068728,27.2641583087116,-87.2968200148438
011141520873246639266,45.88952166440035,-70.63446311373954
012141520873279291081,42.45802794928875,-121.28344396144138
012141520873313687038,26.087208410575336,-77.11092928385395
033141520873347262048,42.08372680133232,-108.02264896917853
032141520873347262048,37.9782681518689,-99.22362598872174
031141520873347262048,26.438465025787785,-123.72759314194774
023141520873347262048,35.848347345550145,-107.51963004073714
022141520873347262048,36.50792305761997,-95.81450076524715
021141520873347262048,28.538690498326943,-121.73811191310769
013141520873347262048,48.027460582150404,-96.48431530220287
012141520873347262048,45.635535081327355,-71.166922677765
011141520873347262048,41.11387161629662,-118.8802974714865
012141520873460353636,35.94817259306122,-80.61242041478276
012141520873492646920,34.68552594139078,-101.21227412717003
0121256259049066,40.6628655458414,-86.95705654144706
011141520873595680476,38.025586824333224,-109.88925003625052
0121256258462181,25.952391483431853,-115.73901319386314
011141520873557387169,37.20274981260549,-115.6826693034171
0121256257922806,44.546761907595055,-120.90685486469418
011141520873524890527,35.87181702338667,-114.22034425182622
012141520873631146878,25.694601557754936,-86.43181579628
012141520873664922353,44.04386696011819,-73.80425549634361
012141520873698268585,29.427996256202835,-77.72744199210439
012141520873742901445,30.85873835322406,-85.21738168938484
012141520873788835093,28.51199859488388,-118.58772636533305
0121500946099557387,32.647738551762224,-108.20820658022376
012141520873825095987,43.3060524617229,-107.01093056744445
0121618610405442509,37.37474782657736,-110.48614242593517
012141520873896611289,29.515891522541715,-95.09597491652124
0121436065662691920,46.3315698843671,-93.9028374508714
012141520873989820974,46.37534337062156,-104.27726239072015
012141520874028426835,46.15036521397087,-104.45708036863059
0121256963828709,30.363359669812475,-76.88956292867628
012141520874061029971,35.67189929436174,-79.16937136639268
012141520874126445357,49.00927877713099,-107.12770268124987
012141520874191678382,43.687394358657855,-71.94048107746832
0121331087754528,25.075168879955353,-69.67438632729217
012141520874158851253,26.02564358664674,-106.02755379773261
012141520874272149433,35.98904844035541,-104.4201629456033
012141520869123225020,47.11594796507896,-95.64013545886799
012141520874373503448,37.85741546233232,-70.35341533828284
012141520874340706914,36.835671841386244,-74.11613529723542
01214152087438338458,27.031890088201283,-119.04434714835995
01214152087445842851,40.8079620958559,-102.19592051772561
0121678174729141238,44.93906288223646,-92.8682639175679
012141520874438735650,33.90226216859934,-95.78539663433162
012141520874480918085,43.777335711514624,-113.74325759912512
012141520874528707514,48.496698851506174,-75.1324348909095
012141520874568598429,29.48803446900565,-85.69314235075194
033141520876813528720,37.473294990775756,-76.34648991362883
032141520876813528720,31.571325653515277,-75.13548285093277
031141520876813528720,44.20819386553853,-81.54639556388173
023141520876813528720,38.829239906306654,-99.49704757787663
022141520876813528720,40.25328517886787,-89.54834013492471
021141520876813528720,44.33462691618994,-115.68831373653248
013141520876813528720,34.290837969413055,-85.88448916678996
012141520876813528720,47.262624383858615,-114.5915826265987
011141520876813528720,37.715659986189905,-84.70551862870383
01214152087461116367,28.343291010750818,-111.66828406861168
012141520874633657549,41.78546995975795,-118.17433320971841
012141520874675350082,44.21836228781862,-115.40268500751841
012141520874724424846,32.31156462464721,-124.88432581188654
012141520874772352398,45.815546132847686,-83.26607503129908
0121254618264318,47.03906095724971,-82.47281815397412
012141520874861004982,31.315611175821058,-95.10017361594612
012141520874928723246,48.9725917362816,-115.63039957071469
012141520874962402082,27.91241469845878,-120.14838146407666
012141520874994898349,29.44428562282484,-123.88926833836337
012141520875027761259,28.99972749412176,-115.37576083279836
01214152087518534311,46.735367573162165,-73.27209029332354
012141520875160668450,40.74580301212376,-110.97505942574992
01214152087527944862,28.197097434372317,-104.42908304846166
012141520875240966270,35.399131594359226,-118.88306914503306
012141520875273463047,39.77140581534547,-112.08849522443646
01214152087536103263,26.48191272891896,-94.85100203108195
0121317159923632356,46.446172334581,-89.7105791223972
012141520863765226046,44.47679332378985,-110.75351237644387
012141520875380604539,37.02044011847171,-121.6477573497651
012141520875420432524,48.56291621842691,-102.29450830998387
0121399075031909037,34.83534023817516,-111.4008805597129
012141520875455190711,48.98730585759996,-112.25150703947456
01214152087552311521,41.086326326104974,-69.26515361943805
012141520875535049413,40.25550550963315,-89.21424727551388
012141520875577052081,28.543197221395843,-92.6646137394817
0121256883840278,46.43396292090436,-100.85783983062379
0121154718536531,35.078441696244724,-100.09316283331529
012141520875727168764,28.450204455362883,-93.59211836299019
012141520875778241264,24.71134533953027,-84.5615037896314
012141520875812937472,38.38351101054008,-84.2295850023807
012141520875850121416,37.574996127582544,-115.03051942070276
0121339334376506288,42.37155228344165,-95.96073800218726
011141520876026932944,46.642120741711494,-101.079476069864
012141520875992067442,26.380523707389255,-74.4524773769727
012141520875958641192,42.67497887544949,-88.33638882931885
012141520875922779015,29.07936702970759,-94.07992240680746
012141520875887460344,45.84047911314387,-118.29956048218503
0121720448850100036,44.86310803755076,-89.83337553214369
012141520876061044931,37.90968938926653,-118.1945048189978
0121255562384964,42.14389056413924,-105.4199551909471
0121342022976711561,32.25130434574116,-116.70581989101095
012141520876094424478,36.16987501692812,-84.81444609386179
0121685396910663167,44.927411881834146,-113.02388232169486
012141520876127935937,35.87244971022413,-102.2465169963068
0121258980706064,33.33698894386541,-72.99225889741123
012141520876165029234,36.74571334251286,-113.13628134189392
01214152087628846353,45.09264173236383,-95.51408060505598
012141520876276237552,32.77250344810574,-100.65481070758062
012141520876310117785,28.738271377355623,-123.94761976334205
012141520876343825790,42.18814994072656,-78.96815924940579
012141520876378175231,45.03589287806018,-120.99081976010305
011141520876412035856,26.91104234521998,-97.46217827731417
012141520876559044746,30.390294323251183,-92.44397371270304
0121187693007330,27.943911178747204,-88.51014757329764
012141520876624071764,33.09068538968576,-85.0143083326376
012141520876658252265,35.6497007784374,-110.29363014362863
01214152087674193997,43.108017949355954,-124.42057804245317
0121560466977909608,40.66721640840252,-82.99293266458722
012141520876746350753,39.91210209057941,-93.89686922654514
012141520876976370411,33.20147078462938,-76.45046603265871
01214152087708967243,45.422441528859636,-77.30573151117514
012141520877085540439,36.172855303303706,-76.03190343714441
012141520877041328971,48.86223114636958,-96.8327699775842
012141520877123543270,40.24228345884079,-105.62772373552218
012141520877155957596,27.551417675450875,-79.03783259650498
011158906596160426,41.29266673001905,-98.7954132704877
012141520877221662096,32.52002339280806,-114.34834998569012
012141520877188976795,41.54628630715204,-75.35556591533458
012141520877254410833,26.136504492339604,-73.75378125446665
012141520877288121739,28.766254096224735,-97.92352349652587
012141520877321871958,45.77951341240073,-120.60446278287445
012141520877354732041,30.073082129881442,-102.48071132375472
012141520877421365729,45.31233348962685,-78.34224028211037
012141520877453837445,31.37487286210323,-72.63810326963096
012141520877486071670,40.460673312642484,-113.18526771359782
012159448843741225,41.74177723839233,-121.11114841909944
0121311805891767,37.20655060432624,-74.05626867814686
012141520877518603429,32.02542645483176,-102.38903477406784
0121123882146005,29.70987630897977,-93.5424166525893
011141520877552010984,25.225645251273637,-68.7888423549735
012141520877615221562,31.99133587152327,-121.13489045082764
012141520877647639692,40.71757246793523,-87.35513612055087
0121660613417317978,47.84271571863161,-120.69703677285864
0121257662824628,46.16600916301326,-103.1982352169534
0121187641242000,43.538772939302966,-78.32616279308807
012141520877741546861,44.098069635580586,-99.830248411984
0121312916969924,41.01298401730334,-67.098177832213
012144029710543239,30.900369011202162,-92.53798222408301
011152432683342422,47.06534278702881,-106.35158150746773
012141520877790126522,41.156600546518575,-112.21914121347037
0121651504963983337,38.40062650897078,-104.64687445284427
0111677744182358996,27.169718406179925,-103.36869526984397
0121410318759731890,35.56735428141215,-121.01011075607678
0121717425576276035,35.899763498707294,-103.54051519337867
0121342149424171638,46.000066702932955,-98.04379072877842
011141520877826660742,38.055981058463466,-83.03392163902035
012141520877860068174,33.901775937700044,-86.8667200759614
0111219674154298,48.80464344884078,-83.84521745988741
0121557791206265158,27.162999722067642,-124.51435921543708
0121506011593836183,34.95496925408029,-112.36104884637436
012141520877892700929,25.446422684416834,-86.57901726981831
012141520877991558629,42.885069164930094,-96.89694922121467
012141520877959154846,47.337250790179986,-124.69147075052295
012141520877925958095,31.393894792674107,-78.2866726545
012141520866687880734,45.84459273694027,-80.12647981878004
0121344508619346,31.698271753693426,-93.1558054805387
0121678693768740996,47.15467833766623,-121.14077840957067
0111686230164496742,43.23634574517162,-80.49197404741918
0121155516845192,44.50935878505271,-91.10641953153562
011141520878023797179,24.846256711671938,-79.59515768353292
011141520878056469780,48.455061343083614,-81.34948763532879
0331463836918449391,42.55439908340284,-78.37333940087724
0321463836918449391,32.01144360906347,-94.9216388807469
0311463836918449391,45.121263355226105,-116.85199651155072
0231463836918449391,31.43097378205219,-86.02895271049482
0221463836918449391,46.20472458077038,-88.97192286722975
0211463836918449391,27.209472424633002,-81.90074951641449
0131463836918449391,41.980048389089234,-115.13578633483145
0121463836918449391,37.90730856932685,-113.67868117845374
0111463836918449391,26.808516167967184,-73.29798850656728
0121594559767242745,30.44076307522328,-81.45221664242717
